order, start,  end
3, 2.38771, 2.41667
4, 2.35630, 2.38493
5, 2.32573, 2.35402
6, 2.29596, 2.32393
8, 2.23870, 2.26603
10,2.18429, 2.21101
