order, start,  end
6 , 1.70952, 1.73061
13, 1.60548, 1.61957
14, 1.59742, 1.61061
16, 1.56694, 1.58328
21, 1.50060, 1.51902
22, 1.48857, 1.50682
